,estimate,std,ci_95_lower,ci_95_upper,p(|x|>0)
2A_21A,0.030231536509802506,0.0071382494904988604,0.015955037528804783,0.04450803549080023,0.9999885798921583
2A_21C,-1.223100071180686,0.008610187587036208,-1.2403204463547586,-1.2058796960066136,1.0
2A_21G,-0.610205027859215,0.007174775903366927,-0.6245545796659489,-0.5958554760524812,1.0
2A_21U,-0.09885916761330213,0.005924733552507062,-0.11070863471831625,-0.087009700508288,1.0
2C_21A,-1.6792778118456044,0.008660483474789598,-1.6965987787951837,-1.6619568448960251,1.0
2C_21C,-2.6411845077834872,0.010752294952330875,-2.662689097688149,-2.6196799178788255,1.0
2C_21G,-0.20760253179649546,0.006972769000195454,-0.22154806979688638,-0.19365699379610454,1.0
2C_21U,-2.2204856575331844,0.0076952405259118435,-2.235876138585008,-2.2050951764813607,1.0
2G_21A,0.11946157725437925,0.008036515486644592,0.10338854628109007,0.13553460822766844,1.0
2G_21C,-0.798660560043546,0.009715889078411465,-0.818092338200369,-0.7792287818867231,1.0
2G_21G,-0.9195063924805007,0.007782569435199231,-0.9350715313508992,-0.9039412536101022,1.0
2G_21U,-0.22539442381843003,0.007055154051600908,-0.23950473192163185,-0.2112841157152282,1.0
2U_21A,0.31421982638597595,0.007667516968438164,0.2988847924490996,0.3295548603228523,1.0
2U_21C,-2.283341197224838,0.01149980965080388,-2.3063408165264456,-2.26034157792323,1.0
2U_21G,-0.15600458607781567,0.007738226669698973,-0.17148103941721363,-0.14052813273841772,1.0
2U_21U,-1.4404832081735603,0.008018977003963408,-1.456521162181487,-1.4244452541656336,1.0
2G_3C_20C_21C,-0.2970330974401895,0.04274152607503859,-0.3825161495902667,-0.21155004529011234,0.9999999999981674
2G_3C_20G_21C,-2.040412776061407,0.03909920799440668,-2.11861119205022,-1.9622143600725936,1.0
2G_3G_20C_21C,-1.5063230523919093,0.05632315248962978,-1.618969357371169,-1.3936767474126497,1.0
2G_3G_20G_21C,-1.0700425893121583,0.04163453242819024,-1.1533116541685389,-0.9867735244557778,1.0
2C_3C_20C_21G,-0.13929968426175413,0.028543131689795963,-0.19638594764134604,-0.0822134208821622,0.9999994704371596
2C_3C_20G_21G,-2.6390861375627903,0.03021273646651649,-2.6995116104958234,-2.578660664629757,1.0
2C_3G_20C_21G,-0.7152713972150022,0.03174211556557954,-0.7787556283461613,-0.6517871660838431,1.0
2C_3G_20G_21G,-0.2925299264986428,0.027942820298600166,-0.3484155670958431,-0.23664428590144246,1.0
2A_3C_20C_21U,0.952724245410308,0.02357255469420089,0.9055791360219062,0.9998693547987098,1.0
2A_3C_20G_21U,-1.4775603272749818,0.026084018331441715,-1.5297283639378652,-1.4253922906120984,1.0
2A_3G_20C_21U,0.7141654366636836,0.02572373356292,0.6627179695378436,0.7656129037895236,1.0
2A_3G_20G_21U,-1.1282855251253614,0.026077132373683008,-1.1804397898727275,-1.0761312603779953,1.0
2U_3C_20C_21A,0.26792136095195707,0.03285672731714498,0.2022079063176671,0.333634815586247,0.9999999999999998
2U_3C_20G_21A,6.163771790548833e-05,0.030032226358022638,-0.06000281499813979,0.060126090433950764,0.5008187829361547
2U_3G_20C_21A,1.6647742623788409,0.02738855163214116,1.6099971591145585,1.7195513656431232,1.0
2U_3G_20G_21A,-0.3799879675138816,0.03218651839222252,-0.44436100429832665,-0.3156149307294365,1.0
2G_19C_20C_21C,0.5533559667336144,0.05136987260775448,0.45061622151810543,0.6560957119491234,1.0
2G_19C_20G_21C,0.05884963444579382,0.03820830682487681,-0.017566979203959797,0.13526624809554744,0.9382480224260178
2G_19G_20C_21C,-1.8132796995072584,0.04525826961912448,-1.9037962387455074,-1.7227631602690094,1.0
2G_19G_20G_21C,-2.592021650430621,0.041131996069542945,-2.6742856425697066,-2.509757658291535,1.0
2C_19C_20C_21G,1.0167589316093884,0.03017466934195281,0.9564095929254828,1.077108270293294,1.0
2C_19C_20G_21G,-0.0012879903809766766,0.027414233137424443,-0.05611645665582556,0.05354047589387221,0.5187364294942068
2C_19G_20C_21G,0.15724954506146208,0.025450618698490125,0.10634830766448183,0.20815078245844232,0.9999999996766658
2C_19G_20G_21G,-2.148490975929053,0.028561880123031805,-2.2056147361751166,-2.0913672156829892,1.0
2A_19C_20C_21U,1.843343223553852,0.022905069495279835,1.7975330845632924,1.8891533625444117,1.0
2A_19C_20G_21U,0.9796147962085684,0.02309740049082643,0.9334199952269155,1.0258095971902212,1.0
2A_19G_20C_21U,-0.26089037077261307,0.026791622960452045,-0.31447361669351714,-0.207307124851709,1.0
2A_19G_20G_21U,-2.2859534143944935,0.027260182474063747,-2.340473779342621,-2.231433049446366,1.0
2U_19C_20C_21A,1.210297681868335,0.031992581760941136,1.1463125183464529,1.2742828453902173,1.0
2U_19C_20G_21A,1.2409734466177462,0.028717348261849074,1.1835387500940482,1.2984081431414443,1.0
2U_19G_20C_21A,1.04092795455447,0.027048389167754275,0.9868311762189615,1.0950247328899787,1.0
2U_19G_20G_21A,-1.0357827125472103,0.03135038773833432,-1.098483488023879,-0.9730819370705417,1.0
2A_19C_20C_21C,1.0640615016114685,0.03984593188077563,0.9843696378499173,1.1437533653730199,1.0
2A_19C_20G_21C,-0.3103525024100083,0.03304459524004412,-0.37644169289009655,-0.24426331192992004,1.0
2A_19G_20C_21C,-0.6883738134724127,0.03571930098063568,-0.759812415433684,-0.6169352115111413,1.0
2A_19G_20G_21C,-2.641129147400405,0.03495006198622757,-2.71102927137286,-2.57122902342795,1.0
2A_19C_20C_21G,0.7445484013676308,0.028442057139792528,0.6876642870880457,0.8014325156472158,1.0
2A_19C_20G_21G,-0.33088987130568026,0.02711268545624608,-0.3851152422181724,-0.27666450039318813,1.0
2A_19G_20C_21G,0.7797639247816026,0.023909258197263392,0.7319454083870758,0.8275824411761294,1.0
2A_19G_20G_21G,-2.057196921990748,0.027998604295874724,-2.1131941305824973,-2.0011997133989987,1.0
