,f,f_var,f_std,ci_95_lower,ci_95_upper
AAAACGAT,-0.6828399387003111,0.8962548338411125,0.9467073644168574,-2.576254667534026,1.2105747901334039
AAAGACTA,0.5732930559974466,0.9018969075314387,0.9496825298653433,-1.3260720037332399,2.4726581157281333
AAAGTGCG,-0.715127197886126,0.9010142750306773,0.9492177174024289,-2.613562632690984,1.1833082369187318
AAAGTTCC,-2.5428041184049937,0.928059134309223,0.963358258546229,-4.469520635497451,-0.6160876013125356
AAATATCC,1.190193040165836,0.914681175217221,0.9563896565820967,-0.7225862729983574,3.1029723533300295
AACAAGTG,1.1663767873899704,0.8893319825389256,0.9430439981988781,-0.7197112090077857,3.052464783787727
AACACGGG,-1.509927538893231,0.8989985831098335,0.9481553581084872,-3.406238255110205,0.3863831773237434
AACATCAG,-1.4357815272904157,0.8905003473597319,0.9436632595156664,-3.3231080463217486,0.4515449917409171
AACGCGAC,-2.112121062098165,0.9317238419157179,0.9652584327089393,-4.042637927516044,-0.18160419668028638
AACGGTAA,-1.7433098627472796,0.9152711825658337,0.9566980623821885,-3.6567059875116565,0.1700862620170973
AACTGTCG,1.394397976779321,0.8908165689152208,0.9438307946423558,-0.4932636125053904,3.2820595660640324
AACTTTAA,-0.5866347735846659,0.9007050160986361,0.9490548014201478,-2.4847443764249615,1.3114748292556295
AAGAAACT,2.732207749245526,0.8897632742889261,0.9432726404857326,0.8456624682740608,4.6187530302169915
AAGCAGTC,-1.7828205978758254,0.9111649027206186,0.954549581069846,-3.6919197600155176,0.12627856426386663
AATATCAA,-0.19629028602553072,0.9020095308664144,0.9497418232690474,-2.0957739325636258,1.7031933605125642
AATATCGT,0.6233180798487947,0.8882450742986676,0.9424675454882612,-1.2616170111277276,2.5082531708253173
AATCCTGC,-1.6656792681963775,0.9233850385440383,0.9609292578249651,-3.5875377838463076,0.2561792474535527
AATCGAAA,1.4390933777101498,0.8967974455854781,0.9469938994446998,-0.45489442117924983,3.333081176599549
AATGCCGG,-2.456876159900842,0.9105023665606793,0.954202476710619,-4.36528111332208,-0.5484712064796042
AATTACAA,2.0130801670310716,0.8914625636781999,0.9441729522064269,0.12473426261821774,3.9014260714439253
ACAATCCG,1.3704147971695255,0.8913570456638937,0.9441170720116726,-0.5178193468538197,3.2586489411928707
ACACAGTG,-0.5136352453584728,0.9027059390169776,0.9501083827737642,-2.4138520109060013,1.3865815201890554
ACACGCTA,1.719200510007259,0.8856652046624149,0.9410978719891013,-0.16299523397094373,3.6013962539854614
ACACTTCA,1.2644791809556433,0.8890908127553088,0.9429161218026282,-0.6213530626496131,3.1503114245608996
ACAGAGTG,-1.843215279386196,0.9180086179747011,0.9581276626706386,-3.7594706047274733,0.07304004595508129
ACATTGCC,-0.3068205074211078,0.9196825166432618,0.9590007907417292,-2.224822088904566,1.6111810740623507
ACCAACAA,0.7034204754753904,0.891599272679072,0.9442453455956624,-1.1850702157159345,2.591911166666715
ACCACACC,1.4649314660844104,0.9060867969508526,0.9518859159326041,-0.43884036578079777,3.3687032979496188
ACCCAACT,1.8455943616479917,0.8890431930183529,0.94289087015325,-0.0401873786585083,3.731376101954492
ACCCATGT,1.1461451624407681,0.885230701564959,0.9408669946198341,-0.7355888267989001,3.0278791516804366
ACCCCGCC,0.7107667780576146,0.9016359475415694,0.9495451266483176,-1.1883234752390206,2.6098570313542497
ACCCGACG,1.1792459528101307,0.8881578300484292,0.9424212593359879,-0.705596565861845,3.0640884714821066
ACCGTATG,-2.566712992141315,0.903176316836511,0.9503558895679612,-4.467424771277238,-0.6660012130053927
ACCGTCGA,-1.8703836733663346,0.909364617702666,0.9536061124503481,-3.777595898267031,0.0368285515343616
ACCTGAAT,-0.40356667469126684,0.8907288544163543,0.9437843262188423,-2.2911353271289516,1.4840019777464177
ACCTGTAA,-0.5577423181616751,0.9004659659062484,0.9489288518673296,-2.455600021896334,1.3401153855729842
ACCTTAGG,-0.6839325940042177,0.9031221414997099,0.9503273864830529,-2.5845873669703234,1.2167221789618883
ACGACCAG,-0.14606896866401192,0.8990657233698554,0.9481907631747186,-2.042450495013449,1.7503125576854253
ACGCTGCA,0.3917143078370768,0.89416057577102,0.9456006428567083,-1.4994869778763398,2.2829155935504932
ACGCTGGG,-2.691874386866886,0.9016703355108735,0.9495632340770537,-4.591000855020994,-0.7927479187127786
ACGGTCGG,-1.2706473396458358,0.9110069157254106,0.9544668227473444,-3.1795809851405243,0.638286305848853
ACGGTTCA,-0.9862972918215086,0.9158867668844755,0.9570197317111468,-2.9003367552438024,0.9277421716007851
ACGTCCTA,1.0799944590671386,0.9026097579517223,0.950057765586768,-0.8201210721063974,2.980109990240675
ACGTCGCC,0.7166040029016868,0.9139148218852275,0.9559889235159723,-1.1953738441302577,2.6285818499336315
ACTATCAA,-1.2155106775265263,0.9031773971845998,0.9503564579591175,-3.1162235934447615,0.6852022383917087
ACTCGTGA,0.6014390207392565,0.8967540221940902,0.9469709722024695,-1.2925029236656824,2.4953809651441956
ACTCTGAA,0.9726189214429322,0.8923553911936448,0.9446456431877749,-0.9166723649326176,2.861910207818482
ACTGAATT,-2.3174371600487365,0.9065533281257157,0.9521309406408951,-4.221699041330527,-0.41317527876694626
ACTGCAAT,-1.5163390500524572,0.9049119438358737,0.9512685971038221,-3.418876244260101,0.38619814415518694
ACTGGTTC,-3.538166751099479,0.926604605236621,0.9626030361663218,-5.463372823432122,-1.6129606787668354
ACTGTAAC,-3.282251025821284,0.9307970150815246,0.9647782206712197,-5.211807467163723,-1.3526945844788445
ACTGTGAT,-1.8464620785424213,0.9000967672700062,0.9487342975090582,-3.7439306735605378,0.05100651647569521
ACTGTTGC,-3.684728848093183,0.9343702204112283,0.9666282741629423,-5.617985396419067,-1.7514722997672985
AGAAACAG,1.3854458856653253,0.8881386440802408,0.9424110801981483,-0.49937627473097135,3.270268046061622
AGAAGATT,0.23464350308512777,0.8966598365926144,0.9469212409660132,-1.6591989788468986,2.128485985017154
AGACCCCA,1.6655664164178998,0.9016206299537033,0.9495370608637155,-0.23350770530953113,3.5646405381453308
AGACCTGT,-3.265502851943753,0.9010058375092878,0.9492132729314776,-5.163929397806708,-1.3670763060807978
AGACGGTT,-1.4629066746749302,0.8977783476636727,0.9475116609644827,-3.357929996603896,0.4321166472540352
AGATGATA,-0.43587572709688227,0.9031937534165149,0.9503650632343946,-2.3366058535656715,1.464854399371907
AGATGTAC,-2.0766641120817924,0.917124640567466,0.9576662469605296,-3.9919966060028518,-0.16133161816073316
AGATTTGA,-1.2226073232896524,0.8999942170619595,0.9486802501696552,-3.1199678236289627,0.674753177049658
AGCAAAAA,-0.38115085200138576,0.9082640866764602,0.953028901280785,-2.2872086545629555,1.5249069505601842
AGCTACGT,2.709742251870035,0.8872214025420422,0.9419243082870524,0.8258936352959301,4.5935908684441396
AGCTAGAC,-2.633002300947346,0.9117686754807859,0.9548657892503982,-4.542733879448143,-0.7232707224465496
AGGAAAAC,-1.2726632905514284,0.9067949473626626,0.9522578155954734,-3.1771789217423754,0.6318523406395185
AGGCGATC,0.2167715813321282,0.9086042499517215,0.953207348876267,-1.6896431164204058,2.123186279084662
AGTAGCAA,1.2538265507327575,0.8985977965290095,0.9479439838561188,-0.64206141697948,3.149714518444995
ATAAGGCG,2.167346257750975,0.8919507699567917,0.9444314532864689,0.27848335117803713,4.056209164323913
ATAGGAAG,-2.124367704631342,0.9146857533854882,0.9563920500430189,-4.0371518047173796,-0.21158360454530434
ATAGTCCT,1.7807926510537762,0.9014232509239575,0.949433120827348,-0.11807359060091982,3.6796588927084724
ATAGTGAG,0.33609714254011,0.9018490856885695,0.9496573517267002,-1.5632175609132903,2.2354118459935104
ATAGTGGC,-2.4607568230373427,0.9270994615939672,0.9628600425783423,-4.386476908194028,-0.535036737880658
ATATCCCC,1.3645250749237345,0.92852193819704,0.9635984320229252,-0.5626717891221158,3.2917219389695846
ATATGAAA,-0.9643753783027711,0.9196525611584847,0.9589851725436034,-2.882345723389978,0.9535949667844357
ATCAGCTT,0.6047123360069254,0.8885532479611409,0.94263102429378,-1.2805497125806347,2.4899743845944853
ATCCTACT,2.067757675509022,0.8907307383085206,0.9437853242705783,0.18018702696786537,3.9553283240501784
ATCGCCAG,-2.9290080291910416,0.9162917397254668,0.9572312885219887,-4.8434706062350195,-1.0145454521470643
ATCTGAAA,-0.401554376524589,0.9160478125600044,0.9571038671743023,-2.3157621108731936,1.5126533578240156
ATGACTCT,1.507934239869611,0.8965407509758263,0.9468583584548569,-0.3857824770401028,3.4016509567793247
ATGATGGT,-1.2165114003505557,0.9033894411459604,0.950468011637404,-3.1174474236253635,0.6844246229242523
ATGCATAT,1.347167561277087,0.8863730650131068,0.9414738790923022,-0.5357801969075173,3.2301153194616914
ATGCCTTT,-1.2990219631332218,0.9005751386965897,0.9489863743471714,-3.1969947118275646,0.5989507855611209
ATGCGGCG,1.135913631166149,0.8907630569556764,0.9438024459364769,-0.7516912607068047,3.023518523039103
ATGGTCAT,-1.0284994888327281,0.8911170186404678,0.9439899462602702,-2.916479381353269,0.8594804036878123
ATGTCGCT,1.215295631731111,0.8977193683119546,0.9474805371678907,-0.6796654426046704,3.1102567060668926
ATGTGGGA,-0.8528772653197706,0.9046797088737644,0.9511465233463057,-2.755170312012382,1.0494157813728409
ATTTACGC,1.4805905676054598,0.9091321530660532,0.9534842175233176,-0.42637786744117534,3.387559002652095
ATTTCAAG,0.061978692813113356,0.9070089324635231,0.9523701656727405,-1.8427616385323675,1.9667190241585943
CAAGGTGC,-2.7318047030704857,0.9239770137437824,0.961237230731198,-4.654279164532882,-0.8093302416080896
CAATCAGA,-2.630050936057264,0.9189597046677376,0.9586238598468836,-4.547298655751031,-0.7128032163634967
CAATGGAA,-2.4741071092664164,0.9126493045541548,0.9553268051060615,-4.384760719478539,-0.5634534990542934
CACAACAG,2.0513669046577454,0.8856222639047329,0.9410750575298088,0.1692167895981278,3.933517019717363
CACAGGTT,-1.7446260847514055,0.8960862465534225,0.946618321475674,-3.6378627277027533,0.14861055819994262
CACCAGAC,-3.163126691506944,0.9135981296676565,0.9558232732402243,-5.074773237987392,-1.2514801450264952
CACGTCGT,-2.928535709569181,0.9055391728091475,0.9515982202637558,-4.831732150096693,-1.0253392690416692
CAGAATTG,-0.7468726052769625,0.8910201561254576,0.9439386400214039,-2.6347498853197706,1.1410046747658453
CAGATGGA,-2.60224990324882,0.9059017795257627,0.9517887263073475,-4.505827355863515,-0.6986724506341253
CAGATTGG,-0.5923660820280305,0.8941246841666297,0.9455816644619489,-2.4835294109519284,1.2987972468958673
CAGCCCGT,-1.1646554664280298,0.9110061591646983,0.9544664264209078,-3.073588319269845,0.7442773864137859
CAGCTTCC,-2.245006855715558,0.940947195034719,0.9700243270324301,-4.185055509780418,-0.30495820165069776
CAGGAGAG,-1.2660610043360292,0.8990819089449387,0.948199298114557,-3.1624596005651435,0.6303375918930849
CAGTATTC,-2.5782376702059078,0.9314894595990943,0.9651370159718745,-4.508511702149657,-0.6479636382621587
CAGTCCCT,-0.05816171119330671,0.923560184337374,0.9610203870560572,-1.980202485305421,1.8638790629188078
CATAAAGT,-2.557416430713205,0.9147113846364432,0.9564054499198774,-4.47022733055296,-0.6446055308734502
CATAAGTT,-2.9414034451124667,0.9075748473746481,0.9526672280364472,-4.846737901185361,-1.0360689890395722
CATAGTTA,-1.0149419726911206,0.9036024595618777,0.9505800647824872,-2.916102102256095,0.8862181568738539
CATCAACC,-1.8211779268970423,0.9485238939885723,0.9739219137017979,-3.7690217543006383,0.12666590050655357
CATCCGCA,0.2794192509520383,0.907925220441955,0.9528511008767083,-1.6262829508013783,2.185121452705455
CATTCCTA,-0.33698081185471435,0.9159987167684189,0.9570782187305377,-2.2511372493157897,1.577175625606361
CATTGAGG,-0.021397801119718243,0.8967764353833334,0.9469828062765097,-1.9153634136727375,1.872567811433301
CATTTGAC,-2.715680050326675,0.932720712480585,0.9657746696204995,-4.647229389567674,-0.7841307110856761
CCAAAATG,1.5473319807498707,0.8926540815353405,0.9448037264613961,-0.34227547217292154,3.436939433672663
CCAAAGCC,-3.3538695281418627,0.9393424019368957,0.9691967818440669,-5.292263091829996,-1.415475964453729
CCAACAGG,-2.6534774448662737,0.907518121016992,0.9526374551827111,-4.558752355231696,-0.7482025345008514
CCAACGGA,-2.4944622655680098,0.9082498555864418,0.9530214350089099,-4.40050513558583,-0.58841939555019
CCAAGACC,-3.39926454099686,0.9574192263191974,0.9784780152457169,-5.356220571488294,-1.442308510505426
CCATGGTC,-3.6121941388431176,0.9238349931148568,0.9611633540220189,-5.534520846887156,-1.6898674307990798
CCCAAGAC,-3.14572438382229,0.9201582132340635,0.9592487754665436,-5.064221934755377,-1.2272268328892026
CCCTACAC,-1.9075924200306373,0.9253836958152268,0.9619686563580057,-3.831529732746649,0.01634489268537398
CCCTATGC,-3.14076953599994,0.9233782993975845,0.9609257512407421,-5.062621038481424,-1.218918033518456
CCCTGGTG,-2.1017622785953347,0.9022767914944891,0.94988251457456,-4.001527307744455,-0.20199724944621478
CCGAAAGT,-2.3688489077812402,0.9214833300723373,0.9599392324893995,-4.2887273727600395,-0.44897044280244125
CCGACACA,-2.745437075261438,0.9404046650837565,0.9697446391106045,-4.684926353482647,-0.8059477970402289
CCGCACAT,-2.4550650303914763,0.8847220325771059,0.9405966364904278,-4.336258303372332,-0.5738717574106207
CCGCCTTT,-3.042805829447282,0.9104486558860572,0.9541743320201278,-4.951154493487538,-1.1344571654070263
CCGCTAAG,2.4804169399023603,0.8892052417412888,0.9429767980927679,0.5944633437168245,4.366370536087896
CCGGCCCC,-2.329998168126127,1.021143827503852,1.0105166141651765,-4.35103139645648,-0.3089649397957741
CCGGCGAC,-2.041075520060246,0.9534392810831815,0.9764421544992727,-3.9939598290587917,-0.08819121106170069
CCGTATAG,0.522102209451156,0.8954782427345394,0.9462971218040026,-1.3704920341568492,2.414696453059161
CCGTTTAA,-2.5212856615700483,0.9258753502528245,0.9622241683998717,-4.445733998369792,-0.5968373247703049
CCTAAGGA,-1.553812256199447,0.9153627071488524,0.9567458947645673,-3.4673040457285813,0.3596795333296876
CCTAGGTA,-2.2486224239525807,0.9093317461603094,0.9535888769067671,-4.155800177766115,-0.34144467013904656
CCTATCGT,-2.711911638527727,0.9135785885215415,0.9558130510311844,-4.623537740590096,-0.800285536465358
CCTCAGCA,-2.767221268633242,0.9244546665386766,0.9614856559193572,-4.690192580471956,-0.8442499567945276
CCTGCAGT,-3.094246378218677,0.923543013167206,0.9610114531925236,-5.016269284603724,-1.1722234718336297
CCTGCTAA,-2.9034585336664014,0.9415213461152154,0.9703202286437274,-4.8440989909538565,-0.9628180763789467
CCTTATCA,-2.477200568301101,0.9276625775953722,0.9631524165963413,-4.403505401493784,-0.5508957351084185
CCTTCCAA,-2.3396440434215506,0.9326491291192256,0.9657376088354567,-4.271119261092464,-0.4081688257506373
CCTTGTGC,-2.396182576154141,0.9225064891177586,0.960472013708759,-4.3171266035716584,-0.47523854873662286
CCTTTCCG,0.33384366473988786,0.9055559569430085,0.9516070391411617,-1.5693704135424356,2.2370577430222114
CGAACGAT,-1.7301103601790133,0.9087595340605841,0.953288798875023,-3.6366879579290594,0.17646723757103278
CGACGTCT,1.0307597112446412,0.897338892973194,0.9472797332220266,-0.8637997551994121,2.9253191776886944
CGAGAGCC,-3.2891081523051184,0.9699992191866387,0.9848853837816046,-5.2588789198683275,-1.3193373847419092
CGAGGTGG,-1.621509010504596,0.9192897827696713,0.9587960068594734,-3.539101024223543,0.2960830032143509
CGCCAAAC,-2.5302387269000275,0.9369620279733568,0.9679679891263744,-4.466174705152776,-0.5943027486472787
CGCCATTA,-1.4969980858040846,0.9059263277383205,0.9518016220506879,-3.4006013299054603,0.40660515829729116
CGCGAGAT,-2.4712479260958906,0.9063002166218115,0.9519980129295499,-4.375243951954991,-0.5672519002367908
CGCGATTG,-0.12218053807600165,0.9076172723446541,0.9526894941924436,-2.0275595264608888,1.7831984503088856
CGCGGCTA,-0.6109791137785813,0.9234166368460701,0.9609456992182598,-2.532870512215101,1.3109122846579382
CGCTGAAA,-0.9569217118400082,0.9208771987744342,0.9596234671861845,-2.8761686462123772,0.9623252225323609
CGGACGCC,-1.6669204981986647,0.9467297855740617,0.9730004036864844,-3.612921305571634,0.27908030917430415
CGGACGTT,-3.0351873669936444,0.9109327599758958,0.954427975268902,-4.944043317531449,-1.1263314164558405
CGGACTTG,-0.9025871191845252,0.9046016077994192,0.951105466181022,-2.804798051546569,0.9996238131775188
CGGATGTA,-2.8223501062243055,0.9134887750021852,0.955766067090784,-4.733882240405873,-0.9108179720427374
CGGCCGGT,-2.7845325601022872,0.9128548418407147,0.95543437338245,-4.695401306867187,-0.8736638133373873
CGTACCTT,-2.8149074919960584,0.9170001183180356,0.9576012313682746,-4.730109954732607,-0.8997050292595092
CGTAGATG,-0.035397192572324765,0.8945062212762185,0.9457833902518158,-1.9269639730759565,1.8561695879313067
CGTGATCT,-1.309359627193487,0.9241366575073542,0.9613202679166575,-3.232000163026802,0.6132809086398279
CGTGCACA,-0.156684884886776,0.9289368909521682,0.9638137221227805,-2.084312329132337,1.7709425593587849
CGTGCATA,-2.479930022920826,0.9431674199871987,0.9711680698968632,-4.4222661627145525,-0.5375938831270997
CGTTTAAG,2.1318795757433375,0.8966760207689517,0.9469297866098372,0.23802000252366318,4.025739148963012
CGTTTAAT,-1.5488791139392473,0.9086473772099004,0.9532299707887391,-3.4553390555167254,0.35758082763823085
CGTTTGTA,-2.400392916874265,0.9157895703890011,0.9569689495427744,-4.3143308159598135,-0.48645501778871614
CTACCGCT,-3.001944195718288,0.9168164633083515,0.9575053333054346,-4.916954862329158,-1.086933529107419
CTACCGTT,-2.9080577972836714,0.9089871751020788,0.9534081891310138,-4.8148741755456985,-1.0012414190216439
CTACCTCT,-2.470123792446357,0.9185666182638914,0.9584188115139912,-4.38696141547434,-0.5532861694183746
CTAGTAAG,2.4306206701550575,0.8922333555214585,0.9445810476192388,0.5414585749165799,4.319782765393535
CTATCATG,0.6873976423928105,0.8998112327072589,0.9485838037344191,-1.2097699650760276,2.5845652498616487
CTCACCGC,-3.3978497283158506,0.9570251693987806,0.9782766323483254,-5.354402993012501,-1.4412964636191998
CTCCTCTT,-2.448013139084358,0.9035336692692217,0.9505438807699631,-4.3491009006242844,-0.5469253775444316
CTCGCTGG,-2.77650945364998,0.9228546601679528,0.960653246581696,-4.697815946813372,-0.8552029604865881
CTCGTCTA,-1.7630139803035114,0.9398321210142497,0.9694493906410224,-3.7019127615855565,0.17588480097853343
CTGTACAT,-0.5254214176410458,0.8836075521873155,0.9400040171123288,-2.4054294518657033,1.354586616583612
CTTACCAA,-2.313527998139,0.9327994719079102,0.9658154440201866,-4.245158886179373,-0.3818971100986268
CTTAGAAC,-3.096626808449806,0.9403530027802698,0.9697180016789777,-5.036062811807762,-1.1571908050918505
CTTCAGAA,-0.8269451531649106,0.9222983287275399,0.960363644005509,-2.7476724411759283,1.0937821348461074
CTTCCTAA,-1.927589942551547,0.9237861284038105,0.9611379341196613,-3.8498658107908694,-0.005314074312224415
GAAAAGGC,-2.244545262143939,0.914581917201061,0.9563377631365714,-4.1572207884170815,-0.33186973587079627
GAAATCTC,0.19271489830586092,0.9201220411769202,0.9592299209141258,-1.7257449435223908,2.1111747401341128
GAACCCAG,-1.246908708468814,0.9042445530922181,0.9509177425478074,-3.1487441935644287,0.6549267766268008
GAACCCGT,-0.27988332345909567,0.8965213111969108,0.9468480929890025,-2.1735795094371007,1.6138128625189094
GAAGGGAG,-2.8755534995817387,0.9084515103005244,0.9531272267124281,-4.781807953006595,-0.9692990461568824
GACGAGGA,-2.4014486591909234,0.9236001307798034,0.9610411701794067,-4.323530999549737,-0.47936631883211
GACGGCTA,0.0764001137569789,0.9114144010851617,0.9546802611791875,-1.832960408601396,1.985760636115354
GACTAGGG,-2.18668128306097,0.9065281318518394,0.9521177090317349,-4.090916701124439,-0.28244586499750013
GAGCGCCA,1.798220028114951,0.9133128234943557,0.9556740152867795,-0.1131280024586081,3.70956805868851
GAGCTAAC,0.030913891384538608,0.9171053195998349,0.957656159380722,-1.8843984273769054,1.9462262101459826
GAGGCGGC,-3.2163332368743136,0.9616596431242641,0.9806424644712588,-5.177618165816831,-1.255048307931796
GAGTATGG,-2.079597984326644,0.9081742333416183,0.9529817591861968,-3.9855615026990376,-0.17363446595425036
GATAAAGA,-0.8330375385654714,0.9204128174547788,0.9593814765018026,-2.7518004915690764,1.0857254144381339
GATACGTC,-2.6242347946037277,0.9346028775799371,0.9667486113669557,-4.5577320173376386,-0.6907375718698163
GATTCTCA,1.3694631512391187,0.9082786965839542,0.9530365662365501,-0.5366099812339815,3.275536283712219
GCACCCAC,-2.39874345851756,0.9322993651310925,0.9655565054056093,-4.329856469328779,-0.4676304477063413
GCACCGAT,-0.3136627379954602,0.913621686339916,0.9558355958740583,-2.225333929743577,1.5980084537526564
GCACTGAA,1.9798532618302012,0.8908553202853811,0.9438513231888702,0.09215061545246073,3.8675559082079416
GCAGAGAT,-2.498007527024994,0.9032048402706447,0.9503708961614117,-4.398749319347818,-0.5972657347021708
GCAGTGTC,-4.042223902065971,0.9223366470987866,0.9603835937263748,-5.962991089518721,-2.1214567146132213
GCATCGAT,-1.4749182712093782,0.919286642860262,0.9587943694350014,-3.392507010079381,0.44267046766062457
GCATGTCT,0.26546813661955365,0.8945284228521806,0.9457951273146741,-1.6261221180097944,2.157058391248902
GCCAGCGA,1.4396149433283394,0.8978788602637215,0.9475646997771295,-0.4555144562259197,3.3347443428825985
GCCGATAA,-1.2613066746124515,0.9157782259299347,0.9569630222375025,-3.1752327190874565,0.6526193698625535
GCCTGGCG,0.2032708612997431,0.9006040413132896,0.9490016023765658,-1.6947323434533885,2.101274066052875
GCGGAAGA,-1.440071855613596,0.9425844596530091,0.9708678899072772,-3.3818076354281503,0.5016639242009584
GCGGCTTC,-3.511208181957892,0.9473802818933308,0.9733346196932126,-5.4578774213443175,-1.564538942571467
GCTCGTCA,0.897620964003221,0.8999269549026203,0.9486447991227382,-0.9996686342422555,2.7949105622486976
GCTTATAC,0.7265313592367703,0.9161485337547011,0.9571564834209195,-1.1877816076050687,2.6408443260786094
GCTTATAG,-0.3880869934084372,0.9107682929488665,0.9543418113804228,-2.296770616169283,1.5205966293524085
GGAAAATG,-1.2026867824680119,0.9073497328831248,0.9525490711155645,-3.107784924699141,0.7024113597631172
GGAGTCAA,-1.6597577000916204,0.9256450911484553,0.9621045115518663,-3.5839667231953527,0.26445132301211216
GGCAAGCG,2.3200062118751203,0.8943594680225271,0.945705804160325,0.4285946035544703,4.21141782019577
GGCAATAA,0.926399122937259,0.9046569674089922,0.9511345685069974,-0.9758700140767358,2.828668259951254
GGCAGCAG,-0.811658233665943,0.9039530021316229,0.9507644304093538,-2.713187094484651,1.0898706271527645
GGCATTGG,-2.265160549867327,0.9107664123134724,0.9543408260749785,-4.173842202017284,-0.35647889771737007
GGCCAATA,-0.791575965933321,0.9128079653339443,0.9554098415517522,-2.7023956490368253,1.1192437171701834
GGCCCAAC,0.26005333101109934,0.9211649081232429,0.9597733628952425,-1.6594933947793857,2.1796000568015845
GGCCCGCG,0.5804306011899497,0.9045713984921826,0.951089584893128,-1.3217485685963064,2.4826097709762056
GGCGTAGT,-1.625576738213368,0.922633588879048,0.9605381766900511,-3.54665309159347,0.2954996151667344
GGGACGTC,-2.1566246535996827,0.941205872817771,0.9701576535892354,-4.096939960778154,-0.2163093464212118
GGTACTTT,-0.9825873563317827,0.9055241904262266,0.9515903480102279,-2.8857680523522387,0.9205933396886731
GGTAGTAA,-0.0670293764071557,0.9085820626381382,0.9531957105642777,-1.973420797535711,1.8393620447213996
GGTCGCCC,-1.1492123661784763,0.9725969638160135,0.986203307546681,-3.1216189812718382,0.8231942489148856
GGTGCCCC,-2.3214357400824173,1.0215025415665067,1.0106940890133407,-4.342823918109099,-0.3000475620557359
GGTGGAGC,-2.2787657098652474,0.9512473013208305,0.9753190766722604,-4.229403863209768,-0.32812755652072667
GGTGGGAA,-1.8192058643730575,0.9309301954054847,0.9648472394143462,-3.74890034320175,0.11048861445563496
GGTGTACC,-1.7396382072285277,0.9968736554163216,0.9984356040408022,-3.736509415310132,0.25723300085307677
GGTTGAGG,-2.2227716023526964,0.9323591176980819,0.9655874469451651,-4.153946496243027,-0.2915967084623663
GGTTTAGC,-0.19131330393940726,0.9392586701979493,0.9691535844219683,-2.129620472783344,1.7469938649045293
GTACAGCA,-0.24628251064454817,0.9026095766595472,0.9500576701756306,-2.1463978509958093,1.653832829706713
GTAGTCGA,-0.7648552837554498,0.9192189433883109,0.9587590643056841,-2.682373412366818,1.1526628448559184
GTAGTTCG,0.6329280355162743,0.9063762283045107,0.9520379342780994,-1.2711478330399244,2.5370039040724732
GTATGATC,1.1689422432999912,0.9152212811692979,0.956671982013322,-0.7444017207266529,3.0822862073266353
GTCCAATT,0.4359629077365058,0.8952022953311078,0.9461513067850764,-1.456339705833647,2.3282655213066588
GTCGTTCC,-0.6971236328213436,0.9356680493447738,0.9672993587017278,-2.6317223502247993,1.2374750845821119
GTGACAAC,-1.6767306278134104,0.9537329834787402,0.9765925370791753,-3.629915701971761,0.2764544463449401
GTGCCCCC,-0.03746885247738048,0.9466181834078689,0.9729430524999235,-1.9833549574772276,1.9084172525224665
GTGCCTGT,-1.8621858278098888,0.9069533192229704,0.9523409679431891,-3.766867763696267,0.0424961080764894
GTGCTGCT,-1.8148954208506098,0.9065970460884385,0.9521538983212947,-3.7192032174931993,0.08941237579197958
GTGGAGGC,-2.826218378038851,0.9585101264052689,0.9790353039626656,-4.7842889859641815,-0.8681477701135196
GTGGATAA,-1.3127945948215796,0.9216285140139613,0.9600148509340682,-3.2328242966897163,0.6072351070465569
GTGGCTCG,-1.171979925354105,0.936333432364536,0.9676432360971351,-3.107266397548375,0.7633065468401652
GTGTGAAC,-1.4067422521420834,0.9444933920540879,0.9718504988186649,-3.3504432497794134,0.5369587454952465
GTGTGTAA,0.24319049470573356,0.9088578807412193,0.9533403803160859,-1.6634902659264383,2.1498712553379056
GTTACGTA,0.7670578145665836,0.9031460511274645,0.950339966079226,-1.1336221175918684,2.6677377467250354
GTTAGATC,0.6278603458387763,0.9172107572007224,0.9577112076198766,-1.2875620694009768,2.5432827610785296
GTTATTGT,-1.4964686321359224,0.9038085361729227,0.9506884537917365,-3.3978455397193956,0.4049082754475506
GTTCGTAG,0.37195319600034304,0.9004331107772292,0.9489115400168918,-1.5258698840334406,2.2697762760341265
GTTGTTAG,-2.6744874729309474,0.9212536694541873,0.9598196025577865,-4.59412667804652,-0.7548482678153743
GTTTCGGA,-1.4588269762835078,0.9286806350909065,0.9636807744740509,-3.3861885252316095,0.468534572664594
GTTTGCCA,1.1106152798894167,0.9221238410096246,0.9602727951002386,-0.8099303103110604,3.0311608700898938
TAAACGGG,-0.5975601236000732,0.900834340142254,0.9491229320495075,-2.495805987699088,1.3006857404989418
TAACTTCA,2.270137498607435,0.8860646286258715,0.9413100597708873,0.3875173790656603,4.152757618149209
TAATAGTA,-0.1414747232541151,0.9059441315204948,0.9518109746795814,-2.045096672613278,1.7621472261050477
TACACGAG,-0.3734799599033143,0.8946144179316247,0.9458405880123906,-2.2651611359280954,1.5182012161214669
TACAGACC,-0.4694869028458947,0.9271261508392881,0.962873901837249,-2.3952347065203927,1.4562609008286032
TACCAAGT,-2.236341987644623,0.9075287392820206,0.9526430282545612,-4.141628044153745,-0.3310559311355006
TACCAGAG,-0.25688075619373085,0.8907227819812649,0.9437811091462177,-2.144442974486166,1.6306814620987047
TACGCCCA,-0.8222015600894041,0.9242887699324998,0.9613993810755755,-2.7450003222405552,1.100597202061747
TACGCTAG,-2.7017456462791856,0.9149765973036992,0.9565440906219113,-4.614833827523008,-0.788657465035363
TACGTGCT,-3.645923977155694,0.9210669490833543,0.9597223291574257,-5.565368635470545,-1.7264793188408425
TACTTACG,0.5372601647794195,0.8987138831193531,0.9480052126013617,-1.358750260423304,2.433270589982143
TAGCAATG,1.1437065101792894,0.8939345841751574,0.9454811389843572,-0.7472557677894249,3.0346687881480037
TAGCGACC,-0.8095330883043927,0.9454301960852645,0.972332348574943,-2.754197785454279,1.1351316088454932
TAGCTTAC,-3.4444408134760085,0.9292574169661529,0.9639799878452627,-5.372400789166534,-1.516480837785483
TAGGATGT,-2.8899471929593017,0.9249680909763476,0.9617526142290166,-4.813452421417335,-0.9664419645012685
TAGGGGCG,-0.7567906081533782,0.9156036721478942,0.9568718159439613,-2.6705342400413006,1.1569530237345445
TAGTTAGA,-1.4070113753414375,0.9252649648771798,0.96190694190092,-3.3308252591432774,0.5168025084604024
TATCATCT,2.0617265909743594,0.896777051164944,0.9469831314046433,0.1677603281650728,3.955692853783646
TATCGTAA,1.3486744469875378,0.893334671178426,0.9451638329826348,-0.5416532189777319,3.2390021129528073
TATTCCTC,-1.7808862718061405,0.9546094899846111,0.9770411915495739,-3.7349686549052885,0.17319611129300738
TCAAATGA,1.6616763254258353,0.8959575413850907,0.9465503374808393,-0.23142434953584323,3.5547770003875137
TCAAGACA,0.29436882414928905,0.90271888636883,0.9501151963676984,-1.6058615685861077,2.194599216884686
TCAAGTGG,-0.5731531093289425,0.8966498486780559,0.9469159670625772,-2.466985043454097,1.3206788247962118
TCAATCGT,-0.9874734153976427,0.9126716631548613,0.9553385071035613,-2.8981504296047653,0.9232035988094799
TCACACAA,0.37245399157891396,0.9041946599264863,0.950891507968436,-1.529329024357958,2.274237007515786
TCATAGTA,-0.4392175323648844,0.9124647042832761,0.9552301839259876,-2.3496779002168595,1.4712428354870908
TCCAACCC,-2.167519894029117,0.9800766518467592,0.989988207933185,-4.147496309895487,-0.18754347816274697
TCCAGTGA,2.8018915079407307,0.8867325018372005,0.9416647502360914,0.9185620074685479,4.685221008412913
TCCGTGCG,-2.71939694710111,0.9108536599613704,0.9543865359283786,-4.628170018957867,-0.8106238752443529
TCGACCTC,-3.558122236486607,0.9599305608369644,0.9797604609479628,-5.5176431583825325,-1.5986013145906817
TCGAGATG,-0.5519208457287578,0.9122151002729799,0.9550995237528809,-2.4621198932345196,1.3582782017770039
TCGAGTCG,1.265931454784193,0.9011248613100622,0.9492759668874284,-0.6326204789906638,3.16448338855905
TCGATTTT,-3.194982551153124,0.9126424197074856,0.9553232017006001,-5.105628954554325,-1.2843361477519237
TCGCAGCT,-1.564396434491853,0.9163161236244282,0.9572440251181661,-3.4788844847281855,0.3500916157444791
TCGCCCCA,1.317998577418806,0.9132598476363398,0.9556462983951436,-0.5932940193714811,3.2292911742090933
TCTAGGGG,-1.9202997733395983,0.9054549316132401,0.9515539562280428,-3.823407685795684,-0.017191860883512655
TCTATCGT,-0.3759909506544486,0.9081519451429219,0.9529700651872135,-2.2819310810288758,1.5299491797199785
TCTCTGGC,-2.9251634206349792,0.9350445120009967,0.9669769966245302,-4.859117413884039,-0.9912094273859189
TCTTAACT,-1.5561543088349514,0.9265220061105355,0.9625601311661186,-3.4812745711671886,0.3689659534972858
TGAACAGA,-0.700013472609931,0.9148498602759316,0.9564778409748611,-2.612969154559653,1.2129422093397912
TGACGTTA,2.323679630318333,0.9018685201082821,0.9496675840041515,0.42434446231002987,4.223014798326636
TGACTAGA,0.07182303225901965,0.9014443755033943,0.9494442456002323,-1.827065458941445,1.9707115234594843
TGAGCCCG,-0.9308659576131474,0.9401540858018027,0.9696154319119528,-2.870096821437053,1.0083649062107582
TGAGGTTA,-0.30525881099505453,0.9332993498606439,0.966074194801126,-2.2374072005973065,1.6268895786071975
TGATGATC,-2.611904033511857,0.944995244594057,0.9721086588412106,-4.556121351194278,-0.6676867158294357
TGCAACAG,1.4077092989890085,0.889805479023587,0.9432950116605022,-0.4788807243319959,3.294299322310013
TGCACGTT,-1.1035139696104594,0.9042040861832614,0.9508964644919348,-3.0053068985943288,0.7982789593734101
TGCTCTGG,-2.15273418874196,0.9148572849286896,0.9564817222135975,-4.065697633169155,-0.23977074431476497
TGGCAATT,-0.8694786054477985,0.9042109796654052,0.9509000892130599,-2.7712787838739183,1.0323215729783213
TGGGTTCT,-2.3018108653881226,0.9269845269247319,0.962800356732761,-4.227411578853644,-0.37621015192260066
TGGTCAGT,-2.0016865333276876,0.9222138768237778,0.9603196742875665,-3.922325881902821,-0.08104718475255468
TGTAGGGA,-1.0177649555275565,0.908669345909654,0.9532414940137961,-2.924247943555149,0.8887180325000357
TGTATCCC,0.26366476597287974,0.9829011196098607,0.9914136975097029,-1.719162629046526,2.2464921609922857
TGTCTGAC,-2.212109972976434,0.9330942576353816,0.965968041725699,-4.144046056427832,-0.2801738895250361
TGTCTGAG,2.3217629229696337,0.8948820484443547,0.9459820550329455,0.42979881290374267,4.213727033035525
TGTTTATG,1.1405683315140918,0.8955583305810295,0.9463394372956405,-0.7521105430771893,3.033247206105373
TGTTTCAG,1.0530790871873619,0.9014308253901757,0.9494371097603967,-0.8457951323334316,2.9519533067081554
TTAACATC,-1.6855239894054241,0.9289050482742272,0.9637972028773621,-3.613118395160148,0.24207041634930015
TTAACTTA,1.598241125055708,0.8941793102786835,0.945610548946385,-0.2929799728370619,3.489462222948478
TTAAGTCT,1.3958410757611641,0.8966750429144899,0.9469292702807797,-0.4980174648003952,3.2896996163227232
TTAGCTAA,0.5600596768411386,0.9175225144480712,0.9578739554075323,-1.355688233973926,2.4758075876562033
TTAGGGAT,-2.8124771525535275,0.9140942262843295,0.9560827507513822,-4.724642654056292,-0.9003116510507632
TTATCCTC,-1.9256299312140908,0.9436528504355688,0.9714179586746216,-3.868465848563334,0.01720598613515234
TTATGTAC,-3.2777125388343684,0.9448966256066509,0.9720579332563728,-5.2218284053471145,-1.3335966723216228
TTCACTCT,0.132690099866491,0.8998730180657541,0.9486163703340535,-1.764542640801616,2.029922840534598
TTCCTTAC,-2.9132895739871696,0.9353645807398707,0.9671424821296347,-4.847574538246439,-0.9790046097279002
TTCGAAGC,-3.594871722931308,0.9711823105735915,0.9854858246436584,-5.565843372218625,-1.6239000736439912
TTCGTTAA,-1.0518658127192388,0.9142315985390135,0.9561545892474781,-2.964174991214195,0.8604433657757173
TTCGTTTT,-3.5798721347723306,0.9131025810193769,0.9555640119946842,-5.491000158761699,-1.6687441107829621
TTCTGCGC,-1.1656320047528224,0.935415911756472,0.9671690192290445,-3.099970043210911,0.7687060337052667
TTGCAGCT,-1.087197025218686,0.9231108038624285,0.9607865547885381,-3.0087701347957623,0.8343760843583903
TTGCGCAC,-0.6910247058634776,0.9399093744467071,0.9694892337961815,-2.6300031734558407,1.2479537617288852
TTGGGCCT,-1.7364144380521733,0.9286393750219148,0.963659366696508,-3.6637331714451893,0.19090429534084263
TTGTCTCT,-0.6893290058115815,0.9159327937685733,0.9570437783970873,-2.603416562605756,1.2247585509825931
TTGTTAGA,-0.7025606904443948,0.926365357900762,0.9624787571166243,-2.6275182046776435,1.2223968237888538
TTGTTAGC,-3.275487824372847,0.9604395526858482,0.9800201797339931,-5.235528183840833,-1.3154474649048606
TTGTTTCG,1.590553329730268,0.9016143553954081,0.9495337568488064,-0.30851418396734465,3.489620843427881
TTTAAAGC,-2.5966661121811265,0.9637327024603666,0.9816988858404427,-4.5600638838620124,-0.6332683405002411
