,p,r2_train,rmse_train,r2_test,rmse_test,model
0,0.01,0.986544510455058,0.19969164384648663,,1.8007217358675027,MEI
1,0.01,0.9867281417421893,0.19776610190235974,0.40149743114151887,1.3971711566521834,VC
2,0.01,0.986331517364406,0.20071433295251895,0.30853641101249824,1.497313389948912,CN
3,0.01,0.9865733898162203,0.1988724421692291,0.5865039732497309,1.158910279207681,LER
4,0.01,0.987920389106501,0.2096326147780126,,1.798851462750397,MEI
5,0.01,0.9878695088817158,0.20972389243621126,0.38215333780882843,1.4143856837590305,VC
6,0.01,0.9808429706607648,0.26298255210704413,0.3068352210585485,1.4996478365510455,CN
7,0.01,0.987737305599589,0.2108991224734381,0.6493271500310632,1.084773610972945,LER
8,0.01,0.9885747514074955,0.19454070180259725,,1.7998549363445253,MEI
9,0.01,0.9887112579030242,0.19161885876519322,0.42981515804284925,1.3596504493788808,VC
10,0.01,0.9886260164054589,0.19227369165697492,0.2249521453065742,1.5913163782306776,CN
11,0.01,0.9889281806848884,0.18980459561904445,0.6052906446247498,1.13302685145352,LER
12,0.01666238802381732,0.9890412270929626,0.20047905480233758,,1.7980696628688244,MEI
13,0.01666238802381732,0.9892819633742849,0.1971679143029941,0.523633065917293,1.2592436117950832,VC
14,0.01666238802381732,0.9891368224442345,0.19845281745180285,0.34337050561951166,1.4692574301651082,CN
15,0.01666238802381732,0.9779196454350142,0.2831277289874779,0.7495651791455583,0.9578784397380069,LER
16,0.01666238802381732,0.9883704433655284,0.19872555519548996,,1.7992587565811777,MEI
17,0.01666238802381732,0.9884894143410742,0.1971162395175955,0.519079647831971,1.2486956681428345,VC
18,0.01666238802381732,0.9884439257741524,0.19766091468190153,0.35476691776238783,1.447557033303177,CN
19,0.01666238802381732,0.9889270529230276,0.19343708752893804,0.7812849707717925,0.843604370411662,LER
20,0.01666238802381732,0.987490991855234,0.200138288394737,,1.8002653448994246,MEI
21,0.01666238802381732,0.9874745637232775,0.19871222702105315,0.4164139856130323,1.3758091778894928,VC
22,0.01666238802381732,0.9875060720431267,0.19846376912125477,0.4070847322403218,1.3860401472921489,CN
23,0.01666238802381732,0.9879318563701196,0.1950506437930304,0.7866518731552763,0.8321449262128369,LER
24,0.02776351746562508,0.988217239991221,0.1988893075361109,,1.7994190188487962,MEI
25,0.02776351746562508,0.9884709022642056,0.1949492763412588,0.6146827065593135,1.1178826094801928,VC
26,0.02776351746562508,0.9882517719622373,0.1966364606960463,0.41949745476034506,1.3808274758443055,CN
27,0.02776351746562508,0.9867997479060631,0.20842509591976727,0.8435446147230727,0.7166717471188143,LER
28,0.02776351746562508,0.9881655322605657,0.1991602317630099,0.3806938901451566,1.4969956837852434,MEI
29,0.02776351746562508,0.9883707177750047,0.1966158085028457,0.6254194120827439,1.1029163000660658,VC
30,0.02776351746562508,0.9881660903300791,0.19840899856082175,0.4087162863658977,1.3946867869290158,CN
31,0.02776351746562508,0.985522407600161,0.2194959097322491,0.8328195526832703,0.7404307289432905,LER
32,0.02776351746562508,0.9880503811594616,0.19952790683400293,0.39765676726407884,1.4916354533408482,MEI
33,0.02776351746562508,0.9883129771265828,0.1959415250465544,0.6201556908670818,1.110051650002112,VC
34,0.02776351746562508,0.9882175429836833,0.1966443324011059,0.453106716355693,1.3328461242579626,CN
35,0.02776351746562508,0.9852259290651427,0.22021816434537417,0.8296117110558137,0.7559483424381265,LER
36,0.04626065009182741,0.9871870091323676,0.20164286014852642,0.56581259504951,1.3893330515890658,MEI
37,0.04626065009182741,0.9875775170398963,0.1970818735428683,0.7018786744761197,0.9854576562418379,VC
38,0.04626065009182741,0.9872362615253005,0.19975008412521425,0.5411739421651101,1.2224903162999323,CN
39,0.04626065009182741,0.9878887027217785,0.1945856830654753,0.8698508032181108,0.6500605860914457,LER
40,0.04626065009182741,0.9880827108703687,0.20138366216781664,,1.7979550231123609,MEI
41,0.04626065009182741,0.9882745239216966,0.1989924091851829,0.7072965739687797,0.9775867765518517,VC
42,0.04626065009182741,0.9879998051563036,0.201323092918174,0.5349003266655327,1.2356998609766647,CN
43,0.04626065009182741,0.9401972537271934,0.44914385976785076,0.8971438781505837,0.5774648625147508,LER
44,0.04626065009182741,0.9874697733494241,0.2009692000156729,,1.8006779851073325,MEI
45,0.04626065009182741,0.9879238646029402,0.19599342446670454,0.7062004106670545,0.9776414288330443,VC
46,0.04626065009182741,0.9876028120559774,0.19855872406284553,0.5361602678732303,1.2268284285456355,CN
47,0.04626065009182741,0.985622522570331,0.2140619545014603,0.8646533539385435,0.6679455785701038,LER
48,0.07708129020640686,0.9878256973720773,0.2002781165325544,0.6620313389768769,1.2521884589567873,MEI
49,0.07708129020640686,0.9883733747632794,0.19437084254853182,0.7871674248337028,0.8319619982814498,VC
50,0.07708129020640686,0.987979651070585,0.19760766025677998,0.6621273495108569,1.0469824962541676,CN
51,0.07708129020640686,0.9812831365661093,0.24676650670899106,0.8864125887287482,0.6095130464443542,LER
52,0.07708129020640686,0.9880944132311682,0.19827865251402535,,1.799474390818101,MEI
53,0.07708129020640686,0.9885427069852722,0.19325011979151913,0.7802040398163457,0.8454941890129996,VC
54,0.07708129020640686,0.9881604349443727,0.1963841685916131,0.6154052161162824,1.1201892914222125,CN
55,0.07708129020640686,0.9880257705434071,0.1977743228877413,0.8994775796872645,0.5751593862445633,LER
56,0.07708129020640686,0.9879201166202322,0.2037643289893974,,1.7968516127926852,MEI
57,0.07708129020640686,0.9879185728547049,0.20182868190275347,0.7544948159389469,0.9109098961055034,VC
58,0.07708129020640686,0.9879718418732594,0.20124051943966512,0.6097741874407302,1.1305098097694823,CN
59,0.07708129020640686,0.9746149300184708,0.29227196133531397,0.8818536378856299,0.625070865929462,LER
60,0.12843583667956207,0.9879901034189669,0.1997435299198141,0.7340597762314142,1.0880648814120863,MEI
61,0.12843583667956207,0.9884734667309957,0.19424382561356984,0.8381713640704773,0.7278436638327048,VC
62,0.12843583667956207,0.9878528554540649,0.19934033936341453,0.6893766769497662,1.0102893704237645,CN
63,0.12843583667956207,0.9879855137679461,0.19836466136533124,0.9158407709035166,0.5219143617868418,LER
64,0.12843583667956207,0.9878476793944948,0.19929686736771013,0.7391403489276881,1.0955186543860849,MEI
65,0.12843583667956207,0.9885795620496197,0.19200955875293466,0.8441946965900535,0.7131033472722856,VC
66,0.12843583667956207,0.9880131585636358,0.19659508940148426,0.6886966509601478,1.0088900824369917,CN
67,0.12843583667956207,0.9891733923707422,0.18684430566473845,0.9164053696738679,0.5204558111010574,LER
68,0.12843583667956207,0.9876094535990275,0.2019576946320626,0.7310415496685665,1.0999967567976767,MEI
69,0.12843583667956207,0.9883003416028407,0.19491760268653166,0.8383428349393187,0.7262541031887463,VC
70,0.12843583667956207,0.9876163528818608,0.20044296854401625,0.6780724966542985,1.02793454955853,CN
71,0.12843583667956207,0.9832588226408198,0.23309347889770587,0.8943558954321653,0.5888015730872201,LER
72,0.21400477469184914,0.9877182470120809,0.2012762869952542,,1.7980557932312358,MEI
73,0.21400477469184914,0.9886234911331513,0.1926053400739675,0.8798802312137527,0.6230577952236828,VC
74,0.21400477469184914,0.9874212769589762,0.20264743859371112,0.7401208529690514,0.9265587803374944,CN
75,0.21400477469184914,0.9876304745520843,0.20115341825714186,0.9170145460958541,0.5181863291558826,LER
76,0.21400477469184914,0.9878446096647289,0.20004894313782645,,1.7988015320538808,MEI
77,0.21400477469184914,0.988665427461104,0.1922465620857956,0.876666233404487,0.6362371574420272,VC
78,0.21400477469184914,0.9878141759720309,0.19915554220744947,0.7390529069263727,0.9274156601026307,CN
79,0.21400477469184914,0.9307005030888533,0.47470125202263197,0.9199545413647751,0.50884401362584,LER
80,0.21400477469184914,0.9875782433628758,0.20068747192347816,,1.8024242088378404,MEI
81,0.21400477469184914,0.9885970900649425,0.1910878276728592,0.882647057042098,0.6172027544431278,VC
82,0.21400477469184914,0.9872664143678029,0.20204917495604136,0.7336322680584557,0.9391589582953083,CN
83,0.21400477469184914,0.9888873297367504,0.18868237053973216,0.9201317799955391,0.509322477344825,LER
84,0.3565830594865191,0.987656577733221,0.19949176444758016,0.8555948628678166,0.7950688819244066,MEI
85,0.3565830594865191,0.9889246612738758,0.18786394489277256,0.9120106086999051,0.5360725501081015,VC
86,0.3565830594865191,0.9877341554446096,0.19850137162524414,0.8686398122452219,0.8060623740939857,CN
87,0.3565830594865191,0.9892334644275289,0.18523321863469377,0.9304330904429252,0.4766411706743258,LER
88,0.3565830594865191,0.987451965303687,0.20156105279772457,0.8538057726023582,0.7922415162940027,MEI
89,0.3565830594865191,0.9887152777279887,0.18982514566810227,0.9118696723060439,0.5363684706859235,VC
90,0.3565830594865191,0.9875304008289639,0.20052563643311894,0.8675391110219217,0.8025266109350769,CN
91,0.3565830594865191,0.9890517479564631,0.1869087895003225,0.9322124182818834,0.47028922020586345,LER
92,0.3565830594865191,0.9879587475677584,0.19893160063844956,0.8533335730954693,0.7916633717718558,MEI
93,0.3565830594865191,0.9892529492391674,0.18668934202827853,0.9102559034660876,0.5387965658437655,VC
94,0.3565830594865191,0.9867014396306115,0.20800480852033748,0.785715894703161,0.8421261811397261,CN
95,0.3565830594865191,0.9891453598298683,0.18774796589224169,0.9302448550936075,0.4749862799809951,LER
96,0.5941525299884314,0.9877858434344116,0.20031114765719013,0.8957873667041032,0.648533130016513,MEI
97,0.5941525299884314,0.989302449595439,0.18622328437632066,0.9268561648469305,0.48614134362024475,VC
98,0.5941525299884314,0.9878933462740963,0.19922536257004567,0.9125503594881152,0.5568137819833376,CN
99,0.5941525299884314,0.989532797410334,0.18420734353752152,0.9366381282430727,0.4524263881879633,LER
100,0.5941525299884314,0.9880215794558787,0.1997378109421693,0.89201056368118,0.6465963829749278,MEI
101,0.5941525299884314,0.9892155877987027,0.18826111394964137,0.9239401695705587,0.49114963400031747,VC
102,0.5941525299884314,0.9881243548526215,0.1986884051673102,0.9097646376837479,0.5546289926770022,CN
103,0.5941525299884314,0.9892236303228615,0.18825471799615764,0.9339201987309872,0.4574445411115345,LER
104,0.5941525299884314,0.9878045701367285,0.2003368054957506,0.8951436720797539,0.6500784582763027,MEI
105,0.5941525299884314,0.9892831345863665,0.1865310639412255,0.9252546589142182,0.4909241974896816,VC
106,0.5941525299884314,0.9879111532204207,0.1992609460314426,0.9113144437564424,0.5585825576361475,CN
107,0.5941525299884314,0.9894711468559688,0.18490021113400806,0.9357076827749776,0.4552451697665556,LER
108,0.99,0.9878036905010003,0.20004253652610182,0.9205945657712019,0.5145373340937637,MEI
109,0.99,0.9895956406194898,0.1836014710664861,0.9362075223432569,0.43781552609726415,VC
110,0.99,0.9855057418433927,0.2170291877452436,0.8984304259184671,0.5537773667672635,CN
111,0.99,0.9897383395941365,0.1823384975062018,0.9391771558665527,0.4273453478658953,LER
112,0.99,0.9877872316887526,0.20003886021322947,0.9323805474297774,0.5160226982730752,MEI
113,0.99,0.9895853153487734,0.18358732563548,0.9426206956449501,0.4361129951673416,VC
114,0.99,0.9879800550603635,0.19829175968721904,0.9223474640788074,0.5073826303997114,CN
115,0.99,0.9897286374424977,0.1823201052060409,0.9462552694116521,0.4220522043387135,LER
116,0.99,0.9877781182568823,0.20009810144997464,0.931064407330817,0.5550060185069119,MEI
117,0.99,0.9895748458606847,0.1836388649973744,0.9431941241748396,0.4464717233678704,VC
118,0.99,0.9855805382956799,0.2162777827714328,0.9017399945712944,0.5835200449859249,CN
119,0.99,0.9897172802282981,0.18238050670588196,0.9491170900861413,0.4228934360140986,LER
