d,cov,cor,d_jittered,seq
0,3.765352140225598,1.0,0.04750442087627947,00000000
1,2.581544461600129,0.6856050551079289,0.9924321395851151,00000001
1,1.815043080733206,0.4820380705812178,0.9948390574103221,00000010
2,1.5097997680682416,0.40097173168451206,2.0205299250969184,00000011
1,1.8150430807332059,0.4820380705812177,1.0072021785580438,00000100
2,0.8201807024429912,0.21782310708231684,2.0727136753481488,00000101
2,0.7652500050559461,0.20323464487709159,2.0380518862573496,00000110
3,0.4695507343201242,0.12470300700533986,3.0060837508246414,00000111
1,2.5815444616001266,0.6856050551079282,1.0221931616372713,00001000
2,1.567583222098622,0.4163178273160666,2.0166837163687132,00001001
2,0.820180702442991,0.21782310708231678,2.07470395365788,00001010
3,0.5266867304929914,0.13987715116106922,2.98974208681171,00001011
2,1.5097997680682413,0.400971731684512,2.015653385082545,00001100
3,0.5266867304929916,0.13987715116106927,2.957295213034914,00001101
3,0.46955073432012406,0.12470300700533983,2.872350509208296,00001110
4,0.17568030980738128,0.04665707303457029,4.032680929772018,00001111
1,2.5815444616001266,0.6856050551079282,1.0432218099429753,00010000
2,1.567583222098622,0.4163178273160666,1.962891748979678,00010001
2,0.8201807024429912,0.21782310708231684,2.1134877311993803,00010010
3,0.5266867304929915,0.13987715116106925,2.9272817162700617,00010011
2,1.5097997680682413,0.400971731684512,2.002287925865072,00010100
3,0.5266867304929916,0.13987715116106927,2.9906408074987083,00010101
3,0.4695507343201241,0.12470300700533984,3.076638960717923,00010110
4,0.17568030980738128,0.04665707303457029,4.073467938495014,00010111
2,2.2589726366007805,0.5999366201285589,2.0077473712848457,00011000
3,1.2669528168702247,0.3364765816549408,3.0189081259801087,00011001
3,0.5252018552366344,0.13948279886650056,2.9556107126184945,00011010
4,0.232537259371034,0.06175710815645034,3.9009601765888036,00011011
3,1.3906419396534704,0.3693258659122786,2.9826043925336925,00011100
4,0.4110148773027311,0.10915708863238101,4.007817448455199,00011101
4,0.3533556749320894,0.09384399168331661,4.061514534036386,00011110
5,0.059929057423033436,0.015915923714758546,5.060118992439221,00011111
1,1.8150430807332059,0.4820380705812177,0.9806336591296024,00100000
2,0.8201807024429912,0.21782310708231684,1.9848848624712332,00100001
2,0.7652500050559463,0.20323464487709164,1.9475723517466454,00100010
3,0.4695507343201242,0.12470300700533986,2.9289991031410514,00100011
2,1.2947968713496296,0.3438713892167475,1.9146864904687493,00100100
3,0.3164691563580476,0.08404769184193397,3.0975387697615897,00100101
3,0.43825644137906855,0.11639188714838522,2.974517390912417,00100110
4,0.14390992417195134,0.0382195127607186,3.978096284919441,00100111
2,1.5097997680682418,0.4009717316845121,1.9373602319975036,00101000
3,0.5266867304929916,0.13987715116106927,3.0388745177915957,00101001
3,0.4695507343201242,0.12470300700533986,2.9193051076221024,00101010
4,0.17568030980738128,0.04665707303457029,3.9893629859893016,00101011
3,1.1771109158680864,0.3126164225897769,2.9552266719403164,00101100
4,0.20085367874230828,0.05334260150506781,4.019345124892963,00101101
4,0.3219890672637345,0.0855136665237485,3.9744597431215563,00101110
5,0.028170077683967287,0.007481392612134147,4.94096839079388,00101111
2,1.5097997680682418,0.4009717316845121,1.9985908885830672,00110000
3,0.5266867304929916,0.13987715116106927,3.0214165935265207,00110001
3,0.4695507343201242,0.12470300700533986,3.0033258611191584,00110010
4,0.1756803098073813,0.0466570730345703,4.0151235948869894,00110011
3,1.1771109158680864,0.3126164225897769,2.9682838953159516,00110100
4,0.20085367874230828,0.05334260150506781,3.9818629417006433,00110101
4,0.3219890672637345,0.0855136665237485,3.9663769776112026,00110110
5,0.028170077683967287,0.007481392612134147,4.982022341922973,00110111
3,1.3906419396534708,0.36932586591227873,2.959342685897777,00111000
4,0.41101487730273123,0.10915708863238104,3.913685869883416,00111001
4,0.35335567493208947,0.09384399168331663,4.008871307112687,00111010
5,0.05992905742303344,0.015915923714758546,4.979910953189587,00111011
4,1.1367475069209854,0.3018967322543379,3.9184900826516977,00111100
5,0.161477583739702,0.04288512142453354,5.023139112776288,00111101
5,0.28233382550163966,0.07498205081151424,4.954635081780838,00111110
6,-0.011261380033056373,-0.0029907906654333947,6.002597269789807,00111111
1,1.815043080733206,0.4820380705812178,1.0364545281088768,01000000
2,1.5097997680682411,0.40097173168451195,2.0064491455378706,01000001
2,1.2947968713496285,0.34387138921674715,2.056970034227165,01000010
3,1.177110915868085,0.31261642258977657,2.9382587089823176,01000011
2,0.7652500050559465,0.2032346448770917,2.0201170820588774,01000100
3,0.4695507343201241,0.12470300700533984,2.9657594954529842,01000101
3,0.43825644137906883,0.11639188714838529,2.956460142540906,01000110
4,0.3219890672637344,0.08551366652374848,3.971057516761779,01000111
2,0.8201807024429921,0.21782310708231706,1.9844223733936315,01001000
3,0.526686730492992,0.13987715116106936,3.002808267111487,01001001
3,0.31646915635804757,0.08404769184193396,2.941742507960832,01001010
4,0.20085367874230817,0.05334260150506778,4.045041324347709,01001011
3,0.4695507343201242,0.12470300700533986,3.023283121986523,01001100
4,0.1756803098073814,0.04665707303457032,3.9231878156861386,01001101
4,0.1439099241719514,0.03821951276071862,4.07441260968978,01001110
5,0.028170077683967263,0.007481392612134141,5.0947944588015295,01001111
2,0.8201807024429919,0.217823107082317,2.0589389785579826,01010000
3,0.526686730492992,0.13987715116106936,2.9910037582093825,01010001
3,0.3164691563580476,0.08404769184193397,2.9464623689244727,01010010
4,0.20085367874230828,0.05334260150506781,4.052722586346557,01010011
3,0.4695507343201242,0.12470300700533986,2.979841152651341,01010100
4,0.17568030980738134,0.046657073034570305,4.061122253519121,01010101
4,0.14390992417195142,0.038219512760718624,4.010413748903843,01010110
5,0.028170077683967256,0.007481392612134139,5.0488319518241855,01010111
3,0.5252018552366351,0.13948279886650072,3.01781831985872,01011000
4,0.2325372593710342,0.06175710815645039,4.035328658409598,01011001
4,0.02356774705732865,0.006259108359495058,4.000525001036041,01011010
5,-0.09198634273371593,-0.024429678635104937,5.089293524695292,01011011
4,0.35335567493208964,0.09384399168331667,4.006345604635181,01011100
5,0.05992905742303346,0.015915923714758553,5.020099468172235,01011101
5,0.028071101923079343,0.007455106687949109,5.094157534852813,01011110
6,-0.08756091291214824,-0.023254375593912472,5.932612046942878,01011111
2,0.7652500050559463,0.20323464487709164,1.9364757500757133,01100000
3,0.46955073432012445,0.12470300700533994,3.0484698354079005,01100001
3,0.4382564413790689,0.11639188714838532,2.941343829744292,01100010
4,0.3219890672637344,0.08551366652374848,4.097181059282464,01100011
3,0.438256441379069,0.11639188714838535,2.9793190509620127,01100100
4,0.1439099241719513,0.038219512760718596,3.962627259427962,01100101
4,0.18866199687916743,0.05010474182843996,4.09614710132402,01100110
5,0.07270784301146997,0.019309706052383656,5.074025739571721,01100111
3,0.4695507343201244,0.12470300700533993,3.0933779480213284,01101000
4,0.17568030980738134,0.046657073034570305,4.04530223291377,01101001
4,0.14390992417195142,0.038219512760718624,3.956938715747265,01101010
5,0.028170077683967256,0.007481392612134139,5.0955032476549516,01101011
4,0.32198906726373444,0.08551366652374849,3.986599831452431,01101100
5,0.02817007768396729,0.007481392612134148,5.040122819789819,01101101
5,0.07270784301146989,0.01930970605238363,5.047362598388688,01101110
6,-0.04303701546827941,-0.011429745178016973,5.992249495345458,01101111
3,0.4695507343201243,0.1247030070053399,3.030703968517304,01110000
4,0.1756803098073814,0.04665707303457032,4.046110333578326,01110001
4,0.14390992417195142,0.038219512760718624,4.018821276557781,01110010
5,0.02817007768396729,0.007481392612134148,4.94502996047079,01110011
4,0.3219890672637344,0.08551366652374848,4.014911908710303,01110100
5,0.028170077683967305,0.007481392612134151,5.066319294834352,01110101
5,0.07270784301146989,0.01930970605238363,4.965271607013432,01110110
6,-0.04303701546827941,-0.011429745178016973,5.992518272983617,01110111
4,0.35335567493208975,0.0938439916833167,3.978242322413918,01111000
5,0.05992905742303346,0.015915923714758553,5.092463186423967,01111001
5,0.028071101923079322,0.007455106687949103,5.0336147378506215,01111010
6,-0.08756091291214825,-0.023254375593912475,6.020373091812056,01111011
5,0.28233382550163977,0.07498205081151427,4.961504196277734,01111100
6,-0.011261380033056363,-0.002990790665433392,6.026962459564591,01111101
6,0.03319609166843587,0.008816198440990158,5.966283366967131,01111110
7,-0.08246875946687869,-0.021902004486076473,7.0015915279137175,01111111
1,2.5815444616001266,0.6856050551079282,0.968207696081056,10000000
2,2.2589726366007814,0.5999366201285591,2.033821664747325,10000001
2,1.5097997680682411,0.40097173168451195,2.028829540830747,10000010
3,1.3906419396534708,0.36932586591227873,2.9895850622211,10000011
2,0.8201807024429909,0.21782310708231672,2.0198003356330823,10000100
3,0.5252018552366347,0.1394827988665006,2.945346924563475,10000101
3,0.4695507343201239,0.12470300700533979,2.9254371203647196,10000110
4,0.3533556749320896,0.09384399168331665,4.021969585063227,10000111
2,1.5675832220986228,0.41631782731606676,2.0083336747686262,10001000
3,1.2669528168702249,0.33647658165494093,3.0317515718446053,10001001
3,0.5266867304929916,0.13987715116106927,3.119157238743197,10001010
4,0.41101487730273095,0.10915708863238097,4.047223974349521,10001011
3,0.5266867304929916,0.13987715116106927,2.954358888727792,10001100
4,0.23253725937103406,0.06175710815645035,4.055850814404793,10001101
4,0.1756803098073814,0.04665707303457032,3.934204629474424,10001110
5,0.059929057423033436,0.015915923714758546,4.976920769759264,10001111
2,1.5675832220986228,0.41631782731606676,1.9965879197337684,10010000
3,1.2669528168702249,0.33647658165494093,3.0856671360824683,10010001
3,0.5266867304929918,0.1398771511610693,2.962762258897578,10010010
4,0.41101487730273106,0.109157088632381,3.958678073067049,10010011
3,0.5266867304929916,0.13987715116106927,2.995077373778728,10010100
4,0.23253725937103406,0.06175710815645035,3.9668260856818947,10010101
4,0.17568030980738145,0.04665707303457034,4.056331796105326,10010110
5,0.059929057423033436,0.015915923714758546,4.9460034245818285,10010111
3,1.266952816870225,0.336476581654941,2.942626567379445,10011000
4,0.9697222656694294,0.2575382672206933,3.9781089977627784,10011001
4,0.23253725937103403,0.061757108156450344,3.9750983774653847,10011010
5,0.11716267455626415,0.03111599398754892,5.096476602690849,10011011
4,0.41101487730273095,0.10915708863238097,4.047471040346288,10011100
5,0.117162674556264,0.031115993987548878,5.004377562069259,10011101
5,0.05992905742303339,0.015915923714758532,4.938728224058492,10011110
6,-0.05570578327689359,-0.014794309058582773,6.042218148820077,10011111
2,0.8201807024429909,0.21782310708231672,1.9499892326305217,10100000
3,0.5252018552366347,0.1394827988665006,2.9227614451611195,10100001
3,0.469550734320124,0.12470300700533982,3.059401489617615,10100010
4,0.35335567493208964,0.09384399168331667,4.015847130596242,10100011
3,0.3164691563580475,0.08404769184193395,3.046042941189041,10100100
4,0.023567747057328666,0.006259108359495063,4.015936382647151,10100101
4,0.1439099241719514,0.03821951276071862,4.042841530595134,10100110
5,0.02807110192307932,0.007455106687949102,4.967448720334993,10100111
3,0.5266867304929919,0.13987715116106933,2.9482878579107767,10101000
4,0.23253725937103406,0.06175710815645035,4.034079725914081,10101001
4,0.17568030980738147,0.04665707303457035,3.959829516791308,10101010
5,0.059929057423033436,0.015915923714758546,4.96552251111249,10101011
4,0.20085367874230842,0.053342601505067845,3.977223374824133,10101100
5,-0.09198634273371599,-0.02442967863510495,5.000873957951253,10101101
5,0.028170077683967253,0.007481392612134138,4.9823003044373255,10101110
6,-0.0875609129121482,-0.02325437559391246,5.931252435329099,10101111
3,0.5266867304929919,0.13987715116106933,2.9678190798583555,10110000
4,0.23253725937103406,0.06175710815645035,3.8888298423887786,10110001
4,0.17568030980738147,0.04665707303457035,4.031261572551359,10110010
5,0.05992905742303346,0.015915923714758553,4.919897117219662,10110011
4,0.20085367874230842,0.053342601505067845,3.9447808330285774,10110100
5,-0.09198634273371598,-0.024429678635104948,5.002608253963048,10110101
5,0.028170077683967253,0.007481392612134138,4.963021850180434,10110110
6,-0.0875609129121482,-0.02325437559391246,6.077150729770337,10110111
4,0.4110148773027312,0.10915708863238102,3.9353571545138277,10111000
5,0.11716267455626408,0.0311159939875489,5.013352543467459,10111001
5,0.05992905742303344,0.015915923714758546,4.998035859088625,10111010
6,-0.05570578327689358,-0.014794309058582769,5.9415953251129405,10111011
5,0.16147758373970222,0.0428851214245336,5.026163833026588,10111100
6,-0.13132656993280958,-0.03487763296554284,5.991422683438888,10111101
6,-0.011261380033056403,-0.0029907906654334025,6.038589527560683,10111110
7,-0.12694429225593512,-0.03371379024548003,7.041175207698187,10111111
2,1.509799768068241,0.4009717316845119,2.1081617974640343,11000000
3,1.390641939653471,0.3693258659122788,3.0668263974718197,11000001
3,1.1771109158680855,0.3126164225897767,2.9815409081028776,11000010
4,1.1367475069209856,0.30189673225433794,3.9880310411212037,11000011
3,0.469550734320124,0.12470300700533982,3.0549829797943557,11000100
4,0.3533556749320893,0.09384399168331659,4.03276318653613,11000101
4,0.3219890672637344,0.08551366652374848,4.032006576304879,11000110
5,0.28233382550163955,0.07498205081151421,4.919152197784459,11000111
3,0.5266867304929915,0.13987715116106925,2.9987836937800534,11001000
4,0.4110148773027312,0.10915708863238102,3.9630984545397157,11001001
4,0.20085367874230836,0.05334260150506783,4.013996229952162,11001010
5,0.16147758373970203,0.042885121424533545,4.995092480517852,11001011
4,0.17568030980738136,0.04665707303457031,4.04550894540463,11001100
5,0.05992905742303348,0.015915923714758556,5.0158609107595655,11001101
5,0.028170077683967214,0.007481392612134128,5.0393163981054485,11001110
6,-0.01126138003305638,-0.002990790665433397,5.976679045163203,11001111
3,0.5266867304929913,0.1398771511610692,2.9527776872040876,11010000
4,0.4110148773027312,0.10915708863238102,3.9794975153398724,11010001
4,0.20085367874230842,0.053342601505067845,3.999148979306928,11010010
5,0.16147758373970214,0.04288512142453357,5.018957586777754,11010011
4,0.17568030980738136,0.04665707303457031,4.112965447534543,11010100
5,0.05992905742303345,0.01591592371475855,4.9978871424169675,11010101
5,0.028170077683967242,0.007481392612134135,4.952202749975362,11010110
6,-0.011261380033056387,-0.0029907906654333986,5.982700911215031,11010111
4,0.2325372593710342,0.06175710815645039,3.9768202012676954,11011000
5,0.11716267455626413,0.031115993987548912,5.0240740736886735,11011001
5,-0.09198634273371603,-0.02442967863510496,4.922960149277769,11011010
6,-0.13132656993280958,-0.03487763296554284,6.003163099710017,11011011
5,0.05992905742303345,0.01591592371475855,5.007825326898269,11011100
6,-0.055705783276893635,-0.014794309058582785,6.011609051810014,11011101
6,-0.08756091291214825,-0.023254375593912475,5.970134196551732,11011110
7,-0.12694429225593512,-0.03371379024548003,6.9881039135132,11011111
3,0.4695507343201238,0.12470300700533976,2.9287969545508736,11100000
4,0.35335567493208964,0.09384399168331667,3.9753340058318902,11100001
4,0.32198906726373444,0.08551366652374849,3.972856926199164,11100010
5,0.28233382550163955,0.07498205081151421,5.020802502313071,11100011
4,0.14390992417195142,0.038219512760718624,3.9421908784089044,11100100
5,0.028071101923079315,0.007455106687949101,5.0390599050855,11100101
5,0.07270784301146987,0.019309706052383628,5.074724227224569,11100110
6,0.033196091668435845,0.008816198440990151,5.8965007487493235,11100111
4,0.17568030980738158,0.046657073034570375,4.021312936538905,11101000
5,0.059929057423033436,0.015915923714758546,5.033845401751512,11101001
5,0.028170077683967256,0.007481392612134139,4.968128148722388,11101010
6,-0.011261380033056387,-0.0029907906654333986,5.98013640928356,11101011
5,0.028170077683967253,0.007481392612134138,4.9933559711206525,11101100
6,-0.08756091291214829,-0.023254375593912486,5.985110456029914,11101101
6,-0.0430370154682794,-0.011429745178016969,5.984549351547644,11101110
7,-0.08246875946687873,-0.021902004486076484,6.916199809683501,11101111
4,0.17568030980738147,0.04665707303457035,4.057616578239156,11110000
5,0.05992905742303346,0.015915923714758553,5.053980929601841,11110001
5,0.028170077683967256,0.007481392612134139,4.9593317870397895,11110010
6,-0.011261380033056356,-0.0029907906654333904,5.926678783609875,11110011
5,0.028170077683967197,0.007481392612134124,5.026053243822638,11110100
6,-0.08756091291214828,-0.023254375593912482,5.9712106015093465,11110101
6,-0.0430370154682794,-0.011429745178016969,6.007097658166039,11110110
7,-0.08246875946687873,-0.021902004486076484,6.9840335791427455,11110111
5,0.05992905742303356,0.015915923714758577,5.034576937553509,11111000
6,-0.055705783276893635,-0.014794309058582785,6.0347374571828,11111001
6,-0.08756091291214826,-0.02325437559391248,5.963720131076821,11111010
7,-0.12694429225593515,-0.03371379024548004,6.930831802230247,11111011
6,-0.011261380033056354,-0.00299079066543339,5.920853080133246,11111100
7,-0.12694429225593504,-0.03371379024548001,7.03051896895536,11111101
7,-0.08246875946687868,-0.02190200448607647,6.940557037110799,11111110
8,-0.12186848117820219,-0.032365759333973086,7.974659182285065,11111111
